<?xml version="1.0" encoding="utf-8" standalone="yes"?>
<!-- Use only lower case strings and hexadecimal id's //-->
<!-- See below for the type/subtype number definitions //-->
<genrestrings>
  <!-- English strings //-->
  <genre lang="en" type="0x10" subtype="0x00">movie/drama (general)</genre>
  <genre lang="en" type="0x10" subtype="0x01">detective/thriller</genre>
  <genre lang="en" type="0x10" subtype="0x04">comedy</genre>
  <genre lang="en" type="0x10" subtype="0x05">soap/melodram/folkloric</genre>
  <genre lang="en" type="0x10" subtype="0x08">adult movie/drama</genre>
  <genre lang="en" type="0x20" subtype="0x00">news/current affairs (general)</genre>
  <genre lang="en" type="0x20" subtype="0x03">documentary</genre>
  <genre lang="en" type="0x30" subtype="0x00">show/game show (general)</genre>
  <genre lang="en" type="0x40" subtype="0x00">sports (general)</genre>
  <genre lang="en" type="0x50" subtype="0x00">childrens's/youth program (general)</genre>
  <genre lang="en" type="0x50" subtype="0x05">cartoon/puppets</genre>
  <genre lang="en" type="0x60" subtype="0x00">music/ballet/dance (general)</genre>
  <genre lang="en" type="0x70" subtype="0x00">arts/culture (without music, general)</genre>
  <genre lang="en" type="0x70" subtype="0x03">religion</genre>
  <genre lang="en" type="0x80" subtype="0x01">magazines/reports/documentary</genre>
  <genre lang="en" type="0x90" subtype="0x00">education/science/factual topics (general)</genre>
  <genre lang="en" type="0x90" subtype="0x01">nature/animals/environment</genre>

</genrestrings>

<!-- TODO: Finish me... This list is probably not complete yet
CONTENTMASK_MOVIEDRAMA                         0x10
Subtypes:
  DETECTIVE_THRILLER                           0x01
  ADVENTURE_WESTERN_WAR                        0x02
  SF_FANTASY_HORROR                            0x03
  COMEDY                                       0x04
  SOAP_MELODRAMA_FOLKLORIC                     0x05
  ROMANCE                                      0x06
  SERIOUS_CLASSICAL_RELIGIOUS_HISTORICAL_DRAMA 0x07
  ADULTMOVIE_DRAMA                             0x08

NEWSCURRENTAFFAIRS                             0x20
Subtypes:
  NEWS_WEATHER_REPORT                          0x01
  NEWS_MAGAZINE                                0x02
  DOCUMENTARY                                  0x03
  DISCUSSION_INTERVIEW_DEBATE                  0x04

CONTENTMASK_SHOW                               0x30
Subtypes:
  GAMESHOW_QUIZ_CONTEST                        0x01
  VARIETY_SHOW                                 0x02
  TALK_SHOW                                    0x03

SPORTS                                         0x40
Subtypes:
  SPECIAL_EVENTS                               0x01
  SPORTS_MAGAZINES                             0x02
  FOOTBALL_SOCCER                              0x03
  TENNIS_SQUASH                                0x04
  TEAM_SPORTS                                  0x05
  ATHLETICS                                    0x06
  MOTOR_SPORT                                  0x07
  WATER_SPORT                                  0x08
  WINTER_SPORT                                 0x09
  EQUESTRIAN                                   0x0A
  MARTIAL_SPORTS                               0x0B

CHILDRENYOUTH                                  0x50
Subtypes:
  PRESCHOOL_CHILD_PROGRAM                      0x01
  ENTERTAINMENT_6TO14                          0x02
  ENTERTAINMENT_10TO16                         0x03
  INFO_EDUC_SCHOOL_PROGRAM                     0x04
  CARTOONS_PUPPETS                             0x05

MUSICBALLETDANCE                               0x60
Subtypes:
  ROCK_POP                                     0x01
  SERIOUS_CLASSICAL_MUSIC                      0x02
  FOLK_TRADITIONAL_MUSIC                       0x03
  JAZZ                                         0x04
  MUSICAL_OPERA                                0x05
  BALLET                                       0x06

ARTSCULTURE                                    0x70 //without music
Subtypes:
  PERFORMING_ARTS                              0x01
  FINE_ARTS                                    0x02
  RELIGION                                     0x03
  POP_CULTURE_TRAD_ARTS                        0x04
  LITERATURE                                   0x05
  FILM_CINEMA                                  0x06
  EXPERIMENTAL_FILM_VIDEO                      0x07
  BROADCASTING_PRESS                           0x08
  NEW_MEDIA                                    0x09
  ARTS_CULTURE_MAGAZINES                       0x0A
  FASHION                                      0x0B

SOCIALPOLITICALECONOMICS                       0x80
Subtypes:
  MAGAZINES_REPORTS_DOCUMENTARY                0x01
  ECONOMICS_SOCIAL_ADVISORY                    0x02
  REMARKABLE_PEOPLE                            0x03

EDUCATIONALSCIENCE                             0x90
Subtypes:
  NATURE_ANIMALS_ENVIRONMENT                   0x01
  TECHNOLOGY_NATURAL_SCIENCES                  0x02
  MEDICINE_PHYSIOLOGY_PSYCHOLOGY               0x03
  FOREIGN_COUNTRIES_EXPEDITIONS                0x04
  SOCIAL_SPIRITUAL_SCIENCES                    0x05
  FURTHER_EDUCATION                            0x06
  LANGUAGES                                    0x07

LEISUREHOBBIES                                 0xA0
Subtypes:
  TOURISM_TRAVEL                               0x01
  HANDICRAFT                                   0x02
  MOTORING                                     0x03
  FITNESS_HEALTH                               0x04
  COOKING                                      0x05
  ADVERTISEMENT_SHOPPING                       0x06
  GARDENING                                    0x07

SPECIAL                                        0xB0
  BLACK_WHITE                                  0x01
  UNPUBLISHED                                  0x02
  LIVE_BROADCAST                               0x03

USERDEFINED                                    0xF0
//-->
