<?xml version="1.0" encoding="UTF-8"?>
<addon
  id="pvr.dvbviewer"
  version="1.6.5"
  name="DVBViewer Client"
  provider-name="jdembski, A600">
  <requires>
    <c-pluff version="0.1"/>
    <import addon="xbmc.pvr" version="1.6.0"/>
  </requires>
  <extension
    point="xbmc.pvrclient"
    library_linux="XBMC_dvbviewer.pvr"
    library_osx="XBMC_dvbviewer.pvr"
    library_wingl="XBMC_dvbviewer_win32.dll"
    library_windx="XBMC_dvbviewer_win32.dll"
    library_android="libXBMC_dvbviewer.so"/>
  <extension point="xbmc.addon.metadata">
    <summary lang="af">XBMC se voorprogram vir DVBViewer</summary>
    <summary lang="be">XBMC's frontend for DVBViewer</summary>
    <summary lang="cs">Rozhraní XBMC pro DVBViewer</summary>
    <summary lang="da">XBMC's frontend til DVBViewer</summary>
    <summary lang="de">XBMC's Frontend für DVBViewer</summary>
    <summary lang="el">Frontend του XBMC για το DVBViewer</summary>
    <summary lang="en">XBMC's frontend for DVBViewer</summary>
    <summary lang="es">Frontend de XBMC para DVBViewer</summary>
    <summary lang="es_AR">Frontend de XBMC para DVBViewer</summary>
    <summary lang="fr">Client XBMC pour DVBViewer</summary>
    <summary lang="gl">Interface de XBMC para DVBViewer</summary>
    <summary lang="he">ממשק קדמי של XBMC עבור DVBViewer</summary>
    <summary lang="hu">XBMC DVBViwer előtér-kiszolgáló</summary>
    <summary lang="it">Frontend XBMC per DVBViewer</summary>
    <summary lang="ja">DVBViewer 用 XBMC フロントエンド</summary>
    <summary lang="ko">DVBViewer XBMC 프론트엔드</summary>
    <summary lang="mk">XBMC's интерфејс за DVBViewer</summary>
    <summary lang="nl">XBMC's frontend voor DVBViewer</summary>
    <summary lang="pl">Interfejs XBMC dla DVBViewer</summary>
    <summary lang="pt">Frontend XBMC para DVBViewer</summary>
    <summary lang="pt_BR">XBMC's frontend para DVBViewer</summary>
    <summary lang="ro">Interfața XBMC pentru DVBViewer</summary>
    <summary lang="ru">Фронтэнд XBMC для DVBViewer</summary>
    <summary lang="sk">XBMC rozhranie pre DVBViewer</summary>
    <summary lang="sl">XBMC-jev vmesnik za DVBViewer</summary>
    <summary lang="sv">XBMC's frontend för DVBViewer</summary>
    <summary lang="zh">XBMC 的 DVBViewer 前端</summary>
    <description lang="af">DVBViewer Opname Diens voorprogram; ondersteun stroom van lewendige TV, Tydhouers, Opnames &amp; EPG. Om die XML uittree vanaf die RS webkoppelvlak te ontleed word die xmlParser biblioteek gebruik, ontwikkel deur Frank Vanden Berghen (http://www.applied-mathematics.net/tools/xmlParser.html). Baie dankie hiervoor!&#10;</description>
    <description lang="be">DVBViewer Recording Service frontend; supporting streaming of LiveTV, Timers, Recordings &amp; EPG. For parsing the XML output from the RS webinterface it uses the xmlParser library developed by Frank Vanden Berghen (http://www.applied-mathematics.net/tools/xmlParser.html). Many thanks for this!&#10;</description>
    <description lang="cs">Rozhraní služby nahrávek DVBViewer. Podporuje proudové vysílání živého vysílání, nahrávky a EPG. Pro zpracování výstupu XML z webového rozhraní RS používá knihovnu xmlParser, kterou vyvinul Frank Vanden Berghen (http://www.applied-mathematics.net/tools/xmlParser.html). Za to mnohokrát děkujeme.&#10;</description>
    <description lang="da">DVBViewer Recording Service frontend; Understøtter streaming af Direkte TV, Timere, Optagelser og EPG. For parsing af XML output fra RS webinterface bruges xmlParser biblioteket, der er udviklet af Frank Vanden Berghen (http://www.applied-mathematics.net/tools/xmlParser.html). Mange tak for dette!\n</description>
    <description lang="de">DVBViewer Aufnahme Service Frontend; Unterstützt Streamen von LiveTV, Timer, Aufnahmen &amp; EPG. Für das Parsen der XML Ausgabe vom RS Web Interface nutzt es die xmlParser Bibliothek, entwickelt von Frank Vanden Berghen (http://www.applied-mathematics.net/tools/xmlParser.html). Vielen Dank dafür!&#10;</description>
    <description lang="el">Frontend για την Υπηρεσία Εγγραφών του DVBViewer. Υποστηρίζει ροές Live TV, Χρονοδιακόπτες, Εγγραφές &amp; EPG. Για την ανάλυση του XML αρχείου εξόδου από την RS διεπαφή ιστού χρησιμοποιείται η βιβλιοθήκη xmlParser που αναπτύχθηκε από τον Frank Vanden Berghen (http://www.applied-mathematics.net/tools/xmlParser.html). Θερμές ευχαριστίες για αυτό!&#10;</description>
    <description lang="en">DVBViewer Recording Service frontend; supporting streaming of LiveTV, Timers, Recordings &amp; EPG. For parsing the XML output from the RS webinterface it uses the xmlParser library developed by Frank Vanden Berghen (http://www.applied-mathematics.net/tools/xmlParser.html). Many thanks for this!&#10;</description>
    <description lang="es">Frontend del Servicio de Grabaciones de DVBViewer; soportando transmisión de TV en Vivo, Temporizadores, Grabaciones y Guía de Programas. Para analizar la salida XML de la interfaz Web RS usa la librería xmlParser desarrollada por Frank Vanden Berghen (http://www.applied-mathematics.net/tools/xmlParser.html).⏎&#10;</description>
    <description lang="es_AR">Frontend del Servicio de Grabaciones de DVBViewer; soportando transmisión de TV en Vivo, Temporizadores, Grabaciones y Guía de Programas. Para analizar la salida XML de la interfaz Web RS usa la librería xmlParser desarrollada por Frank Vanden Berghen (http://www.applied-mathematics.net/tools/xmlParser.html). ¡Mucas gracias por esto!⏎&#10;</description>
    <description lang="fr">Client pour le Service d'Enregistrement DVBViewer; supporte la diffusion de la TV en direct, les programmations, les enregistrements et l'EPG. Utilise la librairie xmlParser développée par Frank Vanden Berghen pour l'interprétation de la sortie XML de l'interface web du SE (http://www.applied-mathematics.net/tools/xmlParser.html).&#10;</description>
    <description lang="gl">Servizo da interface de gravación de DVBViewer, soporta a transmisión de TV ao vivo, temporizadores, gravacións e EPG. Para analizar a saída do XML da interface web RS fai uso da librería xmlParser desenrrolada por Frank Vanden Berghen (http://www.applied-mathematics.net/tools/xmlParser.html). Moitas Grazas!&#10;</description>
    <description lang="he">נגן DVB ממשק קידמי של שרת הקלטה;תומך בהזרמת שידורים חיים של טלויזיה,מתזמני הקלטות ולוחות שידורים.לניתוח פלט של XML ממשק אינטרנט RS משתמש בסיפרית xmlPreser שפותחה ע"י פראנק ודן ברגן (http://www.applied-mathematics.net/tools/xmlParser.html).הרבה תודה על כך!⏎&#10;</description>
    <description lang="hu">DVBViwer felvétel szolgáltatás előtér-kiszolgáló, ami támogatja az élő TV adások sugárzását, időzítések hozzáadását, felvételek készítését és EPG adatok kezelését.&#10;</description>
    <description lang="it">Frontend del servizio di registrazione DVBViewer; supporta lo streaming LiveTV, i timer, la registrazione e l'EPG. Per scansionare l'output XML dell'interfaccia web RS viene utilizzata la libreria xmlParser sviluppata da Frank Vanden Berghen (http://www.applied-mathematics.net/tools/xmlParser.html). Molte grazie per questo!&#10;</description>
    <description lang="ja">DVBViewer 録画サービスのフロントエンドです。LiveTV のストリーミング視聴、タイマー、録画、EPG をサポートしています。RS web インターフェースの XML 出力の読み込みには Frank Vanden Berghen 氏の開発した xmlParser ライブラリ (http://www.applied-mathematics.net/tools/xmlParser.html) を使用しています。ありがとうございます！&#10;</description>
    <description lang="ko">DVBViewer 녹화 서비스 프론트엔드; 라이브 TV 스트리밍, 녹화, EPG 지원. RS 웹인터페이스에서 XML을 추출하기 위해 Frank Vanden Berghen이 개발한 xmlParser를 이용합니다 (http://www.applied-mathematics.net/tools/xmlParser.html). Many thanks for this!&#10;</description>
    <description lang="mk">DVBViewer Recording Service frontend; supporting streaming of LiveTV, Timers, Recordings &amp; EPG. For parsing the XML output from the RS webinterface it uses the xmlParser library developed by Frank Vanden Berghen (http://www.applied-mathematics.net/tools/xmlParser.html). Many thanks for this!&#10;</description>
    <description lang="nl">DVBViewer Recording Service frontend; ondersteunt het streamen van LiveTV, Timers, Opnames &amp; EPG. Voor het parsen van de XML output van de RS webinterface wordt gebruik gemaakt van de xmlparser library ontwikkeld door Frank vanden Berghen (http://www.applied-mathematics.net/tools/xmlParser.html). Veel dank hiervoor!\n</description>
    <description lang="pl">Interfejs usługi nagrań DVBViwer; wspiera strumieniowe oglądanie TV na żywo, wyłączniki czasowe, nagrywanie oraz EPG.  Do parsowania XML wyjście z interfejsu WWW RS wykorzystuje bibliotekę XMLParser opracowaną przez Franka Vanden Berghen (http://www.applied-mathematics.net/tools/xmlParser.html). Wielkie dzięki za to!&#10;</description>
    <description lang="pt">Frontend para o serviço de gravação DVBViewer; permite transmissão ao vivo de LiveTV, temporizadores, gravações e EPG. Para análise do XML emitido da webinterface RS, é utilizada a biblioteca xmlParser de Frank Vanden Berghen (http://www.applied-mathematics.net/tools/xmlParser.html). Mil obrigados por isso!&#10;</description>
    <description lang="pt_BR">DVBViewer frontend Serviço de gravações, suporta streaming de  TV ao Vivo, Agendamentos, Gravações e EPG. Para analisar a saída XML do RS webinterface ele usa a biblioteca XmlParser desenvolvido por Frank Vanden Berghen (http://www.applied-mathematics.net/tools/xmlParser.html). Muito obrigado por isso!&#10;</description>
    <description lang="ro">DVBViewer serviciu interfață de înregistrare; suporta streaming de LiveTV, Timers, Înregistrări și EPG. Pentru parsarea XML din webinterface RS se folosește biblioteca xmlParser dezvoltat de Frank Vanden Berghen (http://www.applied-mathematics.net/tools/xmlParser.html). Multe mulțumiri pentru asta!\n</description>
    <description lang="ru">Фронтэнд сервиса записи DVBViewer; поддерживает потоковое вещание ТВ, таймеры, запись и ЕПГ. Для разбора XML-вывода RS-интерфейса использует библиотеку xmlParser, написанную Frank Vanden Berghen (http://www.applied-mathematics.net/tools/xmlParser.html). За что благодарим его!⏎&#10;</description>
    <description lang="sk">Rozhranie pre spoluprácu s nahrávacou službou aplikácie DVBViewer; podporuje streamovanie živej televízie, časovače, nahrávky a EPG. Na získavanie dát zo XML výstupu z RS webového rozhrania používa knižnicu xmlParser, ktorú vyvinul Frank Vanden Berghen (http://www.applied-mathematics.net/tools/xmlParser.html). Za to mu veľmi ďakujeme!&#10;</description>
    <description lang="sl">Vmesnik za DVBViewer; podpira pretakanje televizije v živo, časovnike, snemanje &amp; EPG. Za branje zapisa XML s spletnega vmesnika RS uporablja knjižnico xmlParser avtorja Frank Vanden Berghen (http://www.applied-mathematics.net/tools/xmlParser.html). Hvala za to!&#10;</description>
    <description lang="sv">DVBViewer inspelningsservice-frontend; stödjer strömmning av direktsänd TV, timers, inspelningar &amp; EPG. För analysering av XML-utdata från RS-webbgränssnitt använder det xmlParser-biblioteket utvecklat av Frank Vanden Berghen (http://www.applied-mathematics.net/tools/xmlParser.html). Många tack för detta!&#10;</description>
    <description lang="zh">DVBViewer Recording Service 前端; 支持直播电视的流媒体转发，定时器，录像及电子节目表。RS web 接口的 XML 结果解析采用 xmlParser 库，由 Frank Vanden Berghen 开发(http://www.applied-mathematics.net/tools/xmlParser.html)。感谢作者！&#10;</description>
    <disclaimer lang="af">Hierdie is onstabiele sagteware! Die outeurs is op geen manier verantwoordelik vir gefaalde opnames, inkorrekte tydhouers, vermorsde ure, of enige ander ongewensde effekte.</disclaimer>
    <disclaimer lang="be">This is unstable software! The authors are in no way responsible for failed recordings, incorrect timers, wasted hours, or any other undesirable effects..</disclaimer>
    <disclaimer lang="ca">Això és programari inestable! Els autors no són en absolut responsables d'enregistraments fallist, temporitzadors incorrectes, hores tudades, o qualsevol altra efecte indesitjable...</disclaimer>
    <disclaimer lang="cs">Tento software není stabilní. Autoři nejsou žádným způsobem zodpovědní za selhání při nahrávání, neplatné časovače, ztracený čas, či jakékoliv jiné nežádoucí události...</disclaimer>
    <disclaimer lang="da">Dette er ustabil software! Ophavsmændene er på ingen måde ansvarlige for fejl i optagelser, ukorrekte timere, spildte timer, eller andre uønskede konsekvenser.</disclaimer>
    <disclaimer lang="de">Diese Software ist noch in der Entwicklung! Die Autoren sind nicht für fehlgeschlagene Aufnahmen, falsche Timer, verschwendete Zeit oder andere ungewollte Effekte verantwortlich.</disclaimer>
    <disclaimer lang="el">Ασταθές πρόγραμμα! Οι δημιουργοί δεν είναι σε καμία περίπτωση υπεύθυνοι για αποτυχημένες εγγραφές, λανθασμένους χρονοδιακόπτες, χαμένες ώρες, ή κάθε είδους ανεπιθύμητα αποτελέσματα..</disclaimer>
    <disclaimer lang="en">This is unstable software! The authors are in no way responsible for failed recordings, incorrect timers, wasted hours, or any other undesirable effects..</disclaimer>
    <disclaimer lang="es">¡Este software es aún inestable! Los autores no son responsables en forma alguna por grabaciones fallidas, temporizaciones incorrectas, tiempo perdido o ningún otro efecto no deseado.</disclaimer>
    <disclaimer lang="es_AR">¡Este software es inestable! Los autores no se responsabilizan por grabaciones fallidas, temporizadores incorrectos, horas perdidas, o cualquier otro efecto no deseado..</disclaimer>
    <disclaimer lang="es_MX">¡Esto es software inestable! Los autores no son de ninguna manera responsables por grabaciones fallidas, temporizadores incorrectos, horas perdidas o cualquier otro efecto no deseado...</disclaimer>
    <disclaimer lang="fi">Tämä on epävakaa ohjelma! Ohjelman kirjoittavat eivät vastaa millään tavalla epäonnistuneista nauhoituksista, ajastimen väärästä toiminnasta, hukatusta ajasta tai muista ei-halutuista tapahtumista.</disclaimer>
    <disclaimer lang="fr">Logiciel en cours d'élaboration ! Les auteurs ne sont en aucun cas responsables de l'échec des enregistrements, minuteries défectueuses, temps perdu ou autres effets indésirables..</disclaimer>
    <disclaimer lang="gl">Este é software non estable, os autores non se fan responsábeis dos erros na gravacións, temporizadores incorrectos, e outros efectos non desexados.</disclaimer>
    <disclaimer lang="he">זוהי תוכנה בלתי יציבה!מחברי התכנה אינם אחראים להקלטות כושלות,מתזמני הקלטות שגויים,שעות מבוזבזות,או כל תוצאה בלתי רצויה...</disclaimer>
    <disclaimer lang="hu">Ez nem stabil szoftver! A készítők nem vállalnak felelősséget, a hibás felvételért, rossz időzítésért, elvesztegetett időért...</disclaimer>
    <disclaimer lang="is">Þetta er óstöðugur hugbúnaður! Höfundarnir eru á engann hátt ábyrgir fyrir misheppnuðum upptökum, röngum upptökutímum, klukkustundum sem að fóru í súginn eða nokkrum öðrum óæskilegum áhrifum.</disclaimer>
    <disclaimer lang="it">Questo software è instabile! Gli autori non sono in alcun modo responsabili per registrazioni fallite, timers incorretti, ore perse, o qualsiasi altro effetto indesiderato.</disclaimer>
    <disclaimer lang="ja">これは不安定なソフトウェアです！本プログラムの作者は、録画の失敗、正確に作動しなかったタイマー、無駄にした時間、その他あらゆる好ましくない結果について責任を負わないものとします。</disclaimer>
    <disclaimer lang="ko">이 소프트웨어는 불안정합니다! 제작자는 녹화 실패, 부정확한 타이머, 시간 낭비 및 기타 예상하지 못한 결과에 대해 책임지지 않습니다..</disclaimer>
    <disclaimer lang="lt">Tai yra nestabili programinė įranga! Autorius jokiu būdu neatsakingas už nepavykusius įrašus, neteisingus laikmačius, iššvaistytas valandas, ar nutikus kitiems nepageidaujamiems poveikiams ...[COLOR=red](xbmc.lt siūlo/rekomenduoja testuojant šį priedą persijungti į Anglų [orinali] kalbą)[/COLOR]</disclaimer>
    <disclaimer lang="mk">Ова е нестабилен софтвер! Авторите на ниту еден начин не одговараат за неуспешни снимки, неточни тајмери, потрошени часови, или било кои други несакани ефекти.</disclaimer>
    <disclaimer lang="nl">Deze software is niet 100% stabiel! De auteurs zijn op geen enkele wijze aansprakelijk voor mislukte opnames, verspilde tijd, of enig ander ongewild neveneffect..</disclaimer>
    <disclaimer lang="no">Dette er ustabil programvare! Skaperen har ikke på noen måte ansvar for feilede opptak, feile timere, bortkastede timer, eller andre uønskede effekter..</disclaimer>
    <disclaimer lang="pl">To oprogramowanie jest niestabilne! Autorzy w żaden sposób nie odpowiadają za nieudane nagrania, źle działające wyłączniki czasowe, stracone godziny czy też jakiekolwiek inne niepożądane efekty.</disclaimer>
    <disclaimer lang="pt">Este é um software instável! Os autores não se responsabilizam por falhas nas gravações, temporizadores incorrectos, outro qualquer efeito não desejado...</disclaimer>
    <disclaimer lang="pt_BR">Este é um software instável! Os autores não são responsáveis por falhas nas gravações, agendamentos incorretos, horas dispendidas, ou quaisquer outros efeitos indesejáveis</disclaimer>
    <disclaimer lang="ro">Acesta nu este o aplicație definitivă! Autorii nu sunt în nici un fel responsabili pentru înregistrări eșuate, cronometre incorecte, ore pierdute, sau oricare alte efecte nedorite...</disclaimer>
    <disclaimer lang="ru">Это тестовая программа! Авторы не несут ответственности за неудачные записи, неверные таймеры, потраченное время и прочие нежелательные эффекты..</disclaimer>
    <disclaimer lang="sk">Tento softvér nie je stabilný! Autori nenesú žiadnu zodpovednosť za chybné nahrávky vysielania, nesprávne časovače alebo iné neželané udalosti spôsobené týmto softvérom..</disclaimer>
    <disclaimer lang="sl">To je nestabilna programska oprema! Avtorji niso odgovorni za neuspela snemanja, nepravilne časovnike, zapravljen čas in katerikoli drug neželen učinek...</disclaimer>
    <disclaimer lang="sv">Detta är ostabil mjukvara! Upphovsmännen är inte ansvariga för misslyckade inspelningar, inkorrekta timers, bortslösade timmar, eller några andra oönskade effekter..</disclaimer>
    <disclaimer lang="zh">这是不稳定版的软件！作者不对录制失败、错误定时造成时间浪费或其它不良影响负责。</disclaimer>
    <platform>android</platform>
  </extension>
</addon>
