<?xml version="1.0" encoding="UTF-8" standalone="yes"?>
<addon id="service.subtitles.subtituloses"
       name="Subtitulos.es"
       version="0.0.5"
       provider-name="m0r3">
  <requires>
    <import addon="xbmc.python" version="2.14.0"/>
  </requires>
  <extension point="xbmc.subtitle.module"
             library="service.py" />
  <extension point="xbmc.addon.metadata">
    <summary lang="en">Subtitulos.es</summary>
    <description lang="en">Search and download subtitles from Subtitulos.es</description>
    <disclaimer lang="en"></disclaimer>
    <language>es en</language>
    <platform>all</platform>
    <license>GNU GENERAL PUBLIC LICENSE. Version 2, June 1991</license>
    <forum>http://forum.xbmc.org/showthread.php?tid=185685</forum>
    <website></website>
    <email></email>
    <source>https://github.com/m0r3/service.subtitles.subtituloses</source> 
  </extension>
</addon>
