<?xml version="1.0" encoding="UTF-8"?>
<addon id="script.icechannel.Sharexvid.settings" version="0.0.2" name="iStream - Sharexvid" provider-name="iStream">
<extension point="xbmc.python.pluginsource" library="default.py" />
<extension point="xbmc.addon.metadata">
<summary lang="en">iStream - Sharexvid - Settings </summary>
<description lang="en">iStream - Sharexvid - Settings </description>
<platform></platform>
<language></language>
<license></license>
<forum></forum>
<website></website>
<source></source>
<email></email>
</extension>
</addon>
