<?xml version="1.0" encoding="UTF-8" standalone="yes"?>
<addon id="script.userdatainstaller" name="UserData Installer" version="1.0.2" provider-name=".[COLOR blue]X[/COLOR]unity[COLOR blue]T[/COLOR]alk">
  <requires>
    <import addon="xbmc.python" version="2.1.0"/>
  </requires>
  <extension point="xbmc.python.script" library="default.py">
  </extension>
  <extension point="xbmc.addon.metadata">
    <summary lang="en">en</summary>
    <description lang="en">Install your xbmc userdata back up just enter the url of the zip</description>
    <platform>all</platform>
  </extension>
</addon>
