<window id="103">
	<defaultcontrol always="true">300</defaultcontrol>
	<include>dialogeffect</include>
	<coordinates>
		<system>2</system>
		<posx>255</posx>
		<posy>145</posy>
	</coordinates>
	<controls>
		<control type="group">
			<include>VisibleFadeEffect</include>
			<visible>!Window.IsVisible(numericinput)</visible>
			<control type="image">
				<posx>0</posx>
				<posy>0</posy>
				<width>760</width>
				<height>430</height>
				<texture border="40">DialogBack.png</texture>
			</control>
			<control type="button">
				<description>Close Window button</description>
				<posx>670</posx>
				<posy>9</posy>
				<width>64</width>
				<height>32</height>
				<label>-</label>
				<font>-</font>
				<onclick>PreviousMenu</onclick>
				<texturefocus>DialogCloseButton-focus.png</texturefocus>
				<texturenofocus>DialogCloseButton.png</texturenofocus>
				<onleft>3</onleft>
				<onright>3</onright>
				<onup>3</onup>
				<ondown>3</ondown>
				<visible>system.getbool(input.enablemouse)</visible>
			</control>
			<control type="image">
				<posx>50</posx>
				<posy>60</posy>
				<width>660</width>
				<height>50</height>
				<aspectratio>stretch</aspectratio>
				<texture border="20">KeyboardEditArea.png</texture>
			</control>	
			<control type="edit" id="312">
				<description>Edit Text</description>
				<posx>55</posx>
				<posy>60</posy>
				<width>650</width>
				<height>50</height>
				<font>font13</font>
				<align>center</align>
				<aligny>center</aligny>
			</control>
			<control type="label" id="311">
				<description>dialog Heading</description>
				<posx>10</posx>
				<posy>20</posy>
				<width>740</width>
				<height>30</height>
				<font>font13_title</font>
				<textcolor>orange</textcolor>
				<shadowcolor>black</shadowcolor>
				<align>center</align>
				<aligny>center</aligny>
			</control>
			<control type="group">
				<visible>!Skin.HasSetting(ABCKeyBoard)</visible>
				<posx>55</posx>
				<posy>135</posy>
				<control type="button" id="100">
					<description>'1' button</description>
					<posx>0</posx>
					<posy>0</posy>
					<width>50</width>
					<height>50</height>
					<onleft>8</onleft>
					<onright>101</onright>
					<onup>307</onup>
					<ondown>120</ondown>
					<texturenofocus border="25,25,5,5">KeyboardCornerTopNF.png</texturenofocus>
					<texturefocus border="25,25,5,5">KeyboardCornerTop.png</texturefocus>
					<align>center</align>
					<aligny>center</aligny>
					<font>font13</font>
					<focusedcolor>black</focusedcolor>
				</control>
				<control type="button" id="101">
					<description>'2' button</description>
					<posx>50</posx>
					<posy>0</posy>
					<width>50</width>
					<height>50</height>
					<onleft>100</onleft>
					<onright>102</onright>
					<onup>307</onup>
					<ondown>121</ondown>
					<texturenofocus border="3">KeyboardKeyNF.png</texturenofocus>
					<texturefocus border="5">KeyboardKey.png</texturefocus>
					<align>center</align>
					<aligny>center</aligny>
					<font>font13</font>
					<focusedcolor>black</focusedcolor>
				</control>
				<control type="button" id="102">
					<description>'3' button</description>
					<posx>100</posx>
					<posy>0</posy>
					<width>50</width>
					<height>50</height>
					<onleft>101</onleft>
					<onright>103</onright>
					<onup>32</onup>
					<ondown>122</ondown>
					<texturenofocus border="3">KeyboardKeyNF.png</texturenofocus>
					<texturefocus border="5">KeyboardKey.png</texturefocus>
					<align>center</align>
					<aligny>center</aligny>
					<font>font13</font>
					<focusedcolor>black</focusedcolor>
				</control>
				<control type="button" id="103">
					<description>'4' button</description>
					<posx>150</posx>
					<posy>0</posy>
					<width>50</width>
					<height>50</height>
					<onleft>102</onleft>
					<onright>104</onright>
					<onup>32</onup>
					<ondown>123</ondown>
					<texturenofocus border="3">KeyboardKeyNF.png</texturenofocus>
					<texturefocus border="5">KeyboardKey.png</texturefocus>
					<align>center</align>
					<aligny>center</aligny>
					<font>font13</font>
					<focusedcolor>black</focusedcolor>
				</control>
				<control type="button" id="104">
					<description>'5' button</description>
					<posx>200</posx>
					<posy>0</posy>
					<width>50</width>
					<height>50</height>
					<onleft>103</onleft>
					<onright>105</onright>
					<onup>32</onup>
					<ondown>124</ondown>
					<texturenofocus border="3">KeyboardKeyNF.png</texturenofocus>
					<texturefocus border="5">KeyboardKey.png</texturefocus>
					<align>center</align>
					<aligny>center</aligny>
					<font>font13</font>
					<focusedcolor>black</focusedcolor>
				</control>
				<control type="button" id="105">
					<description>'6' button</description>
					<posx>250</posx>
					<posy>0</posy>
					<width>50</width>
					<height>50</height>
					<onleft>104</onleft>
					<onright>106</onright>
					<onup>32</onup>
					<ondown>125</ondown>
					<texturenofocus border="3">KeyboardKeyNF.png</texturenofocus>
					<texturefocus border="5">KeyboardKey.png</texturefocus>
					<align>center</align>
					<aligny>center</aligny>
					<font>font13</font>
					<focusedcolor>black</focusedcolor>
				</control>
				<control type="button" id="106">
					<description>'7' button</description>
					<posx>300</posx>
					<posy>0</posy>
					<width>50</width>
					<height>50</height>
					<onleft>105</onleft>
					<onright>107</onright>
					<onup>32</onup>
					<ondown>126</ondown>
					<texturenofocus border="3">KeyboardKeyNF.png</texturenofocus>
					<texturefocus border="5">KeyboardKey.png</texturefocus>
					<align>center</align>
					<aligny>center</aligny>
					<font>font13</font>
					<focusedcolor>black</focusedcolor>
				</control>
				<control type="button" id="107">
					<description>'8' button</description>
					<posx>350</posx>
					<posy>0</posy>
					<width>50</width>
					<height>50</height>
					<onleft>106</onleft>
					<onright>108</onright>
					<onup>32</onup>
					<ondown>127</ondown>
					<texturenofocus border="3">KeyboardKeyNF.png</texturenofocus>
					<texturefocus border="5">KeyboardKey.png</texturefocus>
					<align>center</align>
					<aligny>center</aligny>
					<font>font13</font>
					<focusedcolor>black</focusedcolor>
				</control>
				<control type="button" id="108">
					<description>'9' button</description>
					<posx>400</posx>
					<posy>0</posy>
					<width>50</width>
					<height>50</height>
					<onleft>107</onleft>
					<onright>109</onright>
					<onup>304</onup>
					<ondown>128</ondown>
					<texturenofocus border="3">KeyboardKeyNF.png</texturenofocus>
					<texturefocus border="5">KeyboardKey.png</texturefocus>
					<align>center</align>
					<aligny>center</aligny>
					<font>font13</font>
					<focusedcolor>black</focusedcolor>
				</control>
				<control type="button" id="109">
					<description>'0' button</description>
					<posx>450</posx>
					<posy>0</posy>
					<width>50</width>
					<height>50</height>
					<onleft>108</onleft>
					<onright>8</onright>
					<onup>306</onup>
					<ondown>129</ondown>
					<texturenofocus border="3">KeyboardKeyNF.png</texturenofocus>
					<texturefocus border="5">KeyboardKey.png</texturefocus>
					<align>center</align>
					<aligny>center</aligny>
					<font>font13</font>
					<focusedcolor>black</focusedcolor>
				</control>
				<control type="button" id="8">
					<description>'BACKSPACE' button</description>
					<posx>500</posx>
					<posy>0</posy>
					<width>150</width>
					<height>50</height>
					<label>20181</label>
					<onleft>109</onleft>
					<onright>100</onright>
					<onup>304</onup>
					<ondown>300</ondown>
					<texturenofocus flipx="true" border="5,25,25,5">KeyboardCornerTopNF.png</texturenofocus>
					<texturefocus flipx="true" border="5,25,25,5">KeyboardCornerTop.png</texturefocus>
					<align>center</align>
					<aligny>center</aligny>
					<font>font13</font>
					<focusedcolor>black</focusedcolor>
				</control>
				<control type="button" id="120">
					<description>'Q' button</description>
					<posx>0</posx>
					<posy>50</posy>
					<width>50</width>
					<height>50</height>
					<onleft>300</onleft>
					<onright>121</onright>
					<onup>100</onup>
					<ondown>140</ondown>
					<texturenofocus border="4">KeyboardKeyNF.png</texturenofocus>
					<texturefocus border="4">KeyboardKey.png</texturefocus>
					<align>center</align>
					<aligny>center</aligny>
					<font>font13</font>
					<focusedcolor>black</focusedcolor>
				</control>
				<control type="button" id="121">
					<description>'W' button</description>
					<posx>50</posx>
					<posy>50</posy>
					<width>50</width>
					<height>50</height>
					<height>48</height>
					<onleft>120</onleft>
					<onright>122</onright>
					<onup>101</onup>
					<ondown>141</ondown>
					<texturenofocus border="4">KeyboardKeyNF.png</texturenofocus>
					<texturefocus border="4">KeyboardKey.png</texturefocus>
					<align>center</align>
					<aligny>center</aligny>
					<font>font13</font>
					<focusedcolor>black</focusedcolor>
				</control>
				<control type="button" id="122">
					<description>'E' button</description>
					<posx>100</posx>
					<posy>50</posy>
					<width>50</width>
					<height>50</height>
					<onleft>121</onleft>
					<onright>123</onright>
					<onup>102</onup>
					<ondown>142</ondown>
					<texturenofocus border="4">KeyboardKeyNF.png</texturenofocus>
					<texturefocus border="4">KeyboardKey.png</texturefocus>
					<align>center</align>
					<aligny>center</aligny>
					<font>font13</font>
					<focusedcolor>black</focusedcolor>
				</control>
				<control type="button" id="123">
					<description>'R' button</description>
					<posx>150</posx>
					<posy>50</posy>
					<width>50</width>
					<height>50</height>
					<onleft>122</onleft>
					<onright>124</onright>
					<onup>103</onup>
					<ondown>143</ondown>
					<texturenofocus border="4">KeyboardKeyNF.png</texturenofocus>
					<texturefocus border="4">KeyboardKey.png</texturefocus>
					<align>center</align>
					<aligny>center</aligny>
					<font>font13</font>
					<focusedcolor>black</focusedcolor>
				</control>
				<control type="button" id="124">
					<description>'T' button</description>
					<posx>200</posx>
					<posy>50</posy>
					<width>50</width>
					<height>50</height>
					<onleft>123</onleft>
					<onright>125</onright>
					<onup>104</onup>
					<ondown>144</ondown>
					<texturenofocus border="4">KeyboardKeyNF.png</texturenofocus>
					<texturefocus border="4">KeyboardKey.png</texturefocus>
					<align>center</align>
					<aligny>center</aligny>
					<font>font13</font>
					<focusedcolor>black</focusedcolor>
				</control>
				<control type="button" id="125">
					<description>'Y' button</description>
					<posx>250</posx>
					<posy>50</posy>
					<width>50</width>
					<height>50</height>
					<onleft>124</onleft>
					<onright>126</onright>
					<onup>105</onup>
					<ondown>145</ondown>
					<texturenofocus border="4">KeyboardKeyNF.png</texturenofocus>
					<texturefocus border="4">KeyboardKey.png</texturefocus>
					<align>center</align>
					<aligny>center</aligny>
					<font>font13</font>
					<focusedcolor>black</focusedcolor>
				</control>
				<control type="button" id="126">
					<description>'U' button</description>
					<posx>300</posx>
					<posy>50</posy>
					<width>50</width>
					<height>50</height>
					<onleft>125</onleft>
					<onright>127</onright>
					<onup>106</onup>
					<ondown>146</ondown>
					<texturenofocus border="4">KeyboardKeyNF.png</texturenofocus>
					<texturefocus border="4">KeyboardKey.png</texturefocus>
					<align>center</align>
					<aligny>center</aligny>
					<font>font13</font>
					<focusedcolor>black</focusedcolor>
				</control>
				<control type="button" id="127">
					<description>'I' button</description>
					<posx>350</posx>
					<posy>50</posy>
					<width>50</width>
					<height>50</height>
					<onleft>126</onleft>
					<onright>128</onright>
					<onup>107</onup>
					<ondown>147</ondown>
					<texturenofocus border="4">KeyboardKeyNF.png</texturenofocus>
					<texturefocus border="4">KeyboardKey.png</texturefocus>
					<align>center</align>
					<aligny>center</aligny>
					<font>font13</font>
					<focusedcolor>black</focusedcolor>
				</control>
				<control type="button" id="128">
					<description>'O' button</description>
					<posx>400</posx>
					<posy>50</posy>
					<width>50</width>
					<height>50</height>
					<onleft>127</onleft>
					<onright>129</onright>
					<onup>108</onup>
					<ondown>148</ondown>
					<texturenofocus border="4">KeyboardKeyNF.png</texturenofocus>
					<texturefocus border="4">KeyboardKey.png</texturefocus>
					<align>center</align>
					<aligny>center</aligny>
					<font>font13</font>
					<focusedcolor>black</focusedcolor>
				</control>
				<control type="button" id="129">
					<description>'P' button</description>
					<posx>450</posx>
					<posy>50</posy>
					<width>50</width>
					<height>50</height>
					<onleft>128</onleft>
					<onright>300</onright>
					<onup>109</onup>
					<ondown>303</ondown>
					<texturenofocus border="4">KeyboardKeyNF.png</texturenofocus>
					<texturefocus border="4">KeyboardKey.png</texturefocus>
					<align>center</align>
					<aligny>center</aligny>
					<font>font13</font>
					<focusedcolor>black</focusedcolor>
				</control>
				<control type="button" id="300">
					<description>DONE button</description>
					<posx>500</posx>
					<posy>50</posy>
					<width>150</width>
					<height>50</height>
					<label>20177</label>
					<onleft>129</onleft>
					<onright>120</onright>
					<onup>8</onup>
					<ondown>303</ondown>
					<texturenofocus border="4">KeyboardKeyNF.png</texturenofocus>
					<texturefocus border="4">KeyboardKey.png</texturefocus>
					<align>center</align>
					<aligny>center</aligny>
					<font>font13</font>
					<focusedcolor>black</focusedcolor>
				</control>
				<control type="button" id="140">
					<description>'A' button</description>
					<posx>0</posx>
					<posy>100</posy>
					<width>50</width>
					<height>50</height>
					<onleft>303</onleft>
					<onright>141</onright>
					<onup>120</onup>
					<ondown>160</ondown>
					<texturenofocus border="4">KeyboardKeyNF.png</texturenofocus>
					<texturefocus border="4">KeyboardKey.png</texturefocus>
					<align>center</align>
					<aligny>center</aligny>
					<font>font13</font>
					<focusedcolor>black</focusedcolor>
				</control>
				<control type="button" id="141">
					<description>'S' button</description>
					<posx>50</posx>
					<posy>100</posy>
					<width>50</width>
					<height>50</height>
					<onleft>140</onleft>
					<onright>142</onright>
					<onup>121</onup>
					<ondown>161</ondown>
					<texturenofocus border="4">KeyboardKeyNF.png</texturenofocus>
					<texturefocus border="4">KeyboardKey.png</texturefocus>
					<align>center</align>
					<aligny>center</aligny>
					<font>font13</font>
					<focusedcolor>black</focusedcolor>
				</control>
				<control type="button" id="142">
					<description>'D' button</description>
					<posx>100</posx>
					<posy>100</posy>
					<width>50</width>
					<height>50</height>
					<onleft>141</onleft>
					<onright>143</onright>
					<onup>122</onup>
					<ondown>162</ondown>
					<texturenofocus border="4">KeyboardKeyNF.png</texturenofocus>
					<texturefocus border="4">KeyboardKey.png</texturefocus>
					<align>center</align>
					<aligny>center</aligny>
					<font>font13</font>
					<focusedcolor>black</focusedcolor>
				</control>
				<control type="button" id="143">
					<description>'F' button</description>
					<posx>150</posx>
					<posy>100</posy>
					<width>50</width>
					<height>50</height>
					<onleft>142</onleft>
					<onright>144</onright>
					<onup>123</onup>
					<ondown>163</ondown>
					<texturenofocus border="4">KeyboardKeyNF.png</texturenofocus>
					<texturefocus border="4">KeyboardKey.png</texturefocus>
					<align>center</align>
					<aligny>center</aligny>
					<font>font13</font>
					<focusedcolor>black</focusedcolor>
				</control>
				<control type="button" id="144">
					<description>'G' button</description>
					<posx>200</posx>
					<posy>100</posy>
					<width>50</width>
					<height>50</height>
					<onleft>143</onleft>
					<onright>145</onright>
					<onup>124</onup>
					<ondown>164</ondown>
					<texturenofocus border="4">KeyboardKeyNF.png</texturenofocus>
					<texturefocus border="4">KeyboardKey.png</texturefocus>
					<align>center</align>
					<aligny>center</aligny>
					<font>font13</font>
					<focusedcolor>black</focusedcolor>
				</control>
				<control type="button" id="145">
					<description>'H' button</description>
					<posx>250</posx>
					<posy>100</posy>
					<width>50</width>
					<height>50</height>
					<onleft>144</onleft>
					<onright>146</onright>
					<onup>125</onup>
					<ondown>165</ondown>
					<texturenofocus border="4">KeyboardKeyNF.png</texturenofocus>
					<texturefocus border="4">KeyboardKey.png</texturefocus>
					<align>center</align>
					<aligny>center</aligny>
					<font>font13</font>
					<focusedcolor>black</focusedcolor>
				</control>
				<control type="button" id="146">
					<description>'J' button</description>
					<posx>300</posx>
					<posy>100</posy>
					<width>50</width>
					<height>50</height>
					<onleft>145</onleft>
					<onright>147</onright>
					<onup>126</onup>
					<ondown>166</ondown>
					<texturenofocus border="4">KeyboardKeyNF.png</texturenofocus>
					<texturefocus border="4">KeyboardKey.png</texturefocus>
					<align>center</align>
					<aligny>center</aligny>
					<font>font13</font>
					<focusedcolor>black</focusedcolor>
				</control>
				<control type="button" id="147">
					<description>'K' button</description>
					<posx>350</posx>
					<posy>100</posy>
					<width>50</width>
					<height>50</height>
					<onleft>146</onleft>
					<onright>148</onright>
					<onup>127</onup>
					<ondown>305</ondown>
					<texturenofocus border="4">KeyboardKeyNF.png</texturenofocus>
					<texturefocus border="4">KeyboardKey.png</texturefocus>
					<align>center</align>
					<aligny>center</aligny>
					<font>font13</font>
					<focusedcolor>black</focusedcolor>
				</control>
				<control type="button" id="148">
					<description>'L' button</description>
					<posx>400</posx>
					<posy>100</posy>
					<width>50</width>
					<height>50</height>
					<onleft>147</onleft>
					<onright>303</onright>
					<onup>128</onup>
					<ondown>306</ondown>
					<texturenofocus border="4">KeyboardKeyNF.png</texturenofocus>
					<texturefocus border="4">KeyboardKey.png</texturefocus>
					<align>center</align>
					<aligny>center</aligny>
					<font>font13</font>
					<focusedcolor>black</focusedcolor>
				</control>
				<control type="radiobutton" id="303">
					<description>CAPS LOCK button</description>
					<posx>450</posx>
					<posy>100</posy>
					<width>200</width>
					<height>50</height>
					<label>20179</label>
					<onleft>148</onleft>
					<onright>140</onright>
					<onup>300</onup>
					<ondown>302</ondown>
					<texturenofocus border="3">KeyboardKeyNF.png</texturenofocus>
					<texturefocus border="5">KeyboardKey.png</texturefocus>
					<radioposy>5</radioposy>
					<radiowidth>20</radiowidth>
					<radioheight>20</radioheight>
					<align>center</align>
					<aligny>center</aligny>
					<font>font13</font>
					<focusedcolor>black</focusedcolor>
				</control>
				<control type="button" id="160">
					<description>'Z' button</description>
					<posx>0</posx>
					<posy>150</posy>
					<width>50</width>
					<height>50</height>
					<onleft>302</onleft>
					<onright>161</onright>
					<onup>140</onup>
					<ondown>307</ondown>
					<texturenofocus border="4">KeyboardKeyNF.png</texturenofocus>
					<texturefocus border="4">KeyboardKey.png</texturefocus>
					<align>center</align>
					<aligny>center</aligny>
					<font>font13</font>
					<focusedcolor>black</focusedcolor>
				</control>
				<control type="button" id="161">
					<description>'X' button</description>
					<posx>50</posx>
					<posy>150</posy>
					<width>50</width>
					<height>50</height>
					<onleft>160</onleft>
					<onright>162</onright>
					<onup>141</onup>
					<ondown>307</ondown>
					<texturenofocus border="4">KeyboardKeyNF.png</texturenofocus>
					<texturefocus border="4">KeyboardKey.png</texturefocus>
					<align>center</align>
					<aligny>center</aligny>
					<font>font13</font>
					<focusedcolor>black</focusedcolor>
				</control>
				<control type="button" id="162">
					<description>'C' button</description>
					<posx>100</posx>
					<posy>150</posy>
					<width>50</width>
					<height>50</height>
					<onleft>161</onleft>
					<onright>163</onright>
					<onup>142</onup>
					<ondown>32</ondown>
					<texturenofocus border="4">KeyboardKeyNF.png</texturenofocus>
					<texturefocus border="4">KeyboardKey.png</texturefocus>
					<align>center</align>
					<aligny>center</aligny>
					<font>font13</font>
					<focusedcolor>black</focusedcolor>
				</control>
				<control type="button" id="163">
					<description>'V' button</description>
					<posx>150</posx>
					<posy>150</posy>
					<width>50</width>
					<height>50</height>
					<onleft>162</onleft>
					<onright>164</onright>
					<onup>143</onup>
					<ondown>32</ondown>
					<texturenofocus border="4">KeyboardKeyNF.png</texturenofocus>
					<texturefocus border="4">KeyboardKey.png</texturefocus>
					<align>center</align>
					<aligny>center</aligny>
					<font>font13</font>
					<focusedcolor>black</focusedcolor>
				</control>
				<control type="button" id="164">
					<description>'B' button</description>
					<posx>200</posx>
					<posy>150</posy>
					<width>50</width>
					<height>50</height>
					<onleft>163</onleft>
					<onright>165</onright>
					<onup>144</onup>
					<ondown>32</ondown>
					<texturenofocus border="4">KeyboardKeyNF.png</texturenofocus>
					<texturefocus border="4">KeyboardKey.png</texturefocus>
					<align>center</align>
					<aligny>center</aligny>
					<font>font13</font>
					<focusedcolor>black</focusedcolor>
				</control>
				<control type="button" id="165">
					<description>'N' button</description>
					<posx>250</posx>
					<posy>150</posy>
					<width>50</width>
					<height>50</height>
					<onleft>164</onleft>
					<onright>166</onright>
					<onup>145</onup>
					<ondown>32</ondown>
					<texturenofocus border="4">KeyboardKeyNF.png</texturenofocus>
					<texturefocus border="4">KeyboardKey.png</texturefocus>
					<align>center</align>
					<aligny>center</aligny>
					<font>font13</font>
					<focusedcolor>black</focusedcolor>
				</control>
				<control type="button" id="166">
					<description>'M' button</description>
					<posx>300</posx>
					<posy>150</posy>
					<width>50</width>
					<height>50</height>
					<onleft>165</onleft>
					<onright>305</onright>
					<onup>146</onup>
					<ondown>32</ondown>
					<texturenofocus border="4">KeyboardKeyNF.png</texturenofocus>
					<texturefocus border="4">KeyboardKey.png</texturefocus>
					<align>center</align>
					<aligny>center</aligny>
					<font>font13</font>
					<focusedcolor>black</focusedcolor>
				</control>
				<control type="button" id="305">
					<description>previous button</description>
					<posx>350</posx>
					<posy>150</posy>
					<width>50</width>
					<height>50</height>
					<label>&lt;</label>
					<onleft>166</onleft>
					<onright>306</onright>
					<onup>147</onup>
					<ondown>32</ondown>
					<texturenofocus border="4">KeyboardKeyNF.png</texturenofocus>
					<texturefocus border="4">KeyboardKey.png</texturefocus>
					<align>center</align>
					<aligny>center</aligny>
					<font>font13</font>
					<focusedcolor>black</focusedcolor>
				</control>
				<control type="button" id="306">
					<description>next button</description>
					<posx>400</posx>
					<posy>150</posy>
					<width>50</width>
					<height>50</height>
					<label>&gt;</label>
					<onleft>305</onleft>
					<onright>302</onright>
					<onup>148</onup>
					<ondown>304</ondown>
					<texturenofocus border="4">KeyboardKeyNF.png</texturenofocus>
					<texturefocus border="4">KeyboardKey.png</texturefocus>
					<align>center</align>
					<aligny>center</aligny>
					<font>font13</font>
					<focusedcolor>black</focusedcolor>
				</control>
				<control type="radiobutton" id="302">
					<description>SHIFT button</description>
					<posx>450</posx>
					<posy>150</posy>
					<width>200</width>
					<height>50</height>
					<label>20178</label>
					<onleft>306</onleft>
					<onright>160</onright>
					<onup>303</onup>
					<ondown>304</ondown>
					<texturenofocus border="3">KeyboardKeyNF.png</texturenofocus>
					<texturefocus border="5">KeyboardKey.png</texturefocus>
					<radioposy>5</radioposy>
					<radiowidth>20</radiowidth>
					<radioheight>20</radioheight>
					<align>center</align>
					<aligny>center</aligny>
					<font>font13</font>
					<focusedcolor>black</focusedcolor>
				</control>
				<control type="button" id="307">
					<description>IP Input button</description>
					<posx>0</posx>
					<posy>200</posy>
					<width>175</width>
					<height>50</height>
					<texturenofocus border="25,5,25,5">KeyboardCornerBottomNF.png</texturenofocus>
					<texturefocus border="25,5,25,5">KeyboardCornerBottom.png</texturefocus>
					<label>1006</label>
					<font>font13</font>
					<align>center</align>
					<aligny>center</aligny>
					<onleft>304</onleft>
					<onright>32</onright>
					<onup>160</onup>
					<ondown>100</ondown>
					<focusedcolor>black</focusedcolor>
				</control>
				<control type="button" id="32">
					<description>SPACE button</description>
					<posx>175</posx>
					<posy>200</posy>
					<width>300</width>
					<height>50</height>
					<label>20182</label>
					<texturenofocus border="3">KeyboardKeyNF.png</texturenofocus>
					<texturefocus border="5">KeyboardKey.png</texturefocus>
					<align>center</align>
					<aligny>center</aligny>
					<font>font13</font>
					<focusedcolor>black</focusedcolor>
					<onleft>307</onleft>
					<onright>304</onright>
					<onup>162</onup>
					<ondown>102</ondown>
				</control>
				<control type="radiobutton" id="304">
					<description>Symbols button</description>
					<posx>475</posx>
					<posy>200</posy>
					<width>175</width>
					<height>50</height>
					<label>20180</label>
					<onleft>32</onleft>
					<onright>307</onright>
					<onup>302</onup>
					<ondown>8</ondown>
					<texturenofocus flipx="true" border="5,5,25,25">KeyboardCornerBottomNF.png</texturenofocus>
					<texturefocus flipx="true" border="5,5,25,25">KeyboardCornerBottom.png</texturefocus>
					<radioposy>5</radioposy>
					<radiowidth>20</radiowidth>
					<radioheight>20</radioheight>
					<align>center</align>
					<aligny>center</aligny>
					<font>font13</font>
					<focusedcolor>black</focusedcolor>
				</control>
			</control>
			<control type="group">
				<visible>Skin.HasSetting(ABCKeyBoard)</visible>
				<posx>30</posx>
				<posy>135</posy>
				<control type="button" id="300">
					<description>DONE button</description>
					<posx>0</posx>
					<posy>0</posy>
					<width>200</width>
					<height>50</height>
					<label>20177</label>
					<onleft>108</onleft>
					<onright>109</onright>
					<onup>307</onup>
					<ondown>302</ondown>
					<texturenofocus border="25,25,5,5">KeyboardCornerTopNF.png</texturenofocus>
					<texturefocus border="25,25,5,5">KeyboardCornerTop.png</texturefocus>
					<align>center</align>
					<aligny>center</aligny>
					<font>font13</font>
					<focusedcolor>black</focusedcolor>
				</control>
				<control type="button" id="109">
					<description>'0' button</description>
					<posx>200</posx>
					<posy>0</posy>
					<width>50</width>
					<height>50</height>
					<onleft>300</onleft>
					<onright>100</onright>
					<onup>32</onup>
					<ondown>140</ondown>
					<texturenofocus border="3">KeyboardKeyNF.png</texturenofocus>
					<texturefocus border="5">KeyboardKey.png</texturefocus>
					<align>center</align>
					<aligny>center</aligny>
					<font>font13</font>
					<focusedcolor>black</focusedcolor>
				</control>
				<control type="button" id="100">
					<description>'1' button</description>
					<posx>250</posx>
					<posy>0</posy>
					<width>50</width>
					<height>50</height>
					<onleft>109</onleft>
					<onright>101</onright>
					<onup>32</onup>
					<ondown>164</ondown>
					<texturenofocus border="3">KeyboardKeyNF.png</texturenofocus>
					<texturefocus border="5">KeyboardKey.png</texturefocus>
					<align>center</align>
					<aligny>center</aligny>
					<font>font13</font>
					<focusedcolor>black</focusedcolor>
				</control>
				<control type="button" id="101">
					<description>'2' button</description>
					<posx>300</posx>
					<posy>0</posy>
					<width>50</width>
					<height>50</height>
					<onleft>100</onleft>
					<onright>102</onright>
					<onup>32</onup>
					<ondown>162</ondown>
					<texturenofocus border="3">KeyboardKeyNF.png</texturenofocus>
					<texturefocus border="5">KeyboardKey.png</texturefocus>
					<align>center</align>
					<aligny>center</aligny>
					<font>font13</font>
					<focusedcolor>black</focusedcolor>
				</control>
				<control type="button" id="102">
					<description>'3' button</description>
					<posx>350</posx>
					<posy>0</posy>
					<width>50</width>
					<height>50</height>
					<onleft>101</onleft>
					<onright>103</onright>
					<onup>32</onup>
					<ondown>142</ondown>
					<texturenofocus border="3">KeyboardKeyNF.png</texturenofocus>
					<texturefocus border="5">KeyboardKey.png</texturefocus>
					<align>center</align>
					<aligny>center</aligny>
					<font>font13</font>
					<focusedcolor>black</focusedcolor>
				</control>
				<control type="button" id="103">
					<description>'4' button</description>
					<posx>400</posx>
					<posy>0</posy>
					<width>50</width>
					<height>50</height>
					<onleft>102</onleft>
					<onright>104</onright>
					<onup>32</onup>
					<ondown>122</ondown>
					<texturenofocus border="3">KeyboardKeyNF.png</texturenofocus>
					<texturefocus border="5">KeyboardKey.png</texturefocus>
					<align>center</align>
					<aligny>center</aligny>
					<font>font13</font>
					<focusedcolor>black</focusedcolor>
				</control>
				<control type="button" id="104">
					<description>'5' button</description>
					<posx>450</posx>
					<posy>0</posy>
					<width>50</width>
					<height>50</height>
					<onleft>103</onleft>
					<onright>105</onright>
					<onup>32</onup>
					<ondown>143</ondown>
					<texturenofocus border="3">KeyboardKeyNF.png</texturenofocus>
					<texturefocus border="5">KeyboardKey.png</texturefocus>
					<align>center</align>
					<aligny>center</aligny>
					<font>font13</font>
					<focusedcolor>black</focusedcolor>
				</control>
				<control type="button" id="105">
					<description>'6' button</description>
					<posx>500</posx>
					<posy>0</posy>
					<width>50</width>
					<height>50</height>
					<onleft>104</onleft>
					<onright>106</onright>
					<onup>305</onup>
					<ondown>144</ondown>
					<texturenofocus border="3">KeyboardKeyNF.png</texturenofocus>
					<texturefocus border="5">KeyboardKey.png</texturefocus>
					<align>center</align>
					<aligny>center</aligny>
					<font>font13</font>
					<focusedcolor>black</focusedcolor>
				</control>
				<control type="button" id="106">
					<description>'7' button</description>
					<posx>550</posx>
					<posy>0</posy>
					<width>50</width>
					<height>50</height>
					<onleft>105</onleft>
					<onright>107</onright>
					<onup>305</onup>
					<ondown>145</ondown>
					<texturenofocus border="3">KeyboardKeyNF.png</texturenofocus>
					<texturefocus border="5">KeyboardKey.png</texturefocus>
					<align>center</align>
					<aligny>center</aligny>
					<font>font13</font>
					<focusedcolor>black</focusedcolor>
				</control>
				<control type="button" id="107">
					<description>'8' button</description>
					<posx>600</posx>
					<posy>0</posy>
					<width>50</width>
					<height>50</height>
					<onleft>106</onleft>
					<onright>108</onright>
					<onup>306</onup>
					<ondown>127</ondown>
					<texturenofocus border="3">KeyboardKeyNF.png</texturenofocus>
					<texturefocus border="5">KeyboardKey.png</texturefocus>
					<align>center</align>
					<aligny>center</aligny>
					<font>font13</font>
					<focusedcolor>black</focusedcolor>
				</control>
				<control type="button" id="108">
					<description>'9' button</description>
					<posx>650</posx>
					<posy>0</posy>
					<width>50</width>
					<height>50</height>
					<onleft>107</onleft>
					<onright>300</onright>
					<onup>306</onup>
					<ondown>146</ondown>
					<texturenofocus flipx="true" border="5,25,25,5">KeyboardCornerTopNF.png</texturenofocus>
					<texturefocus flipx="true" border="5,25,25,5">KeyboardCornerTop.png</texturefocus>
					<align>center</align>
					<aligny>center</aligny>
					<font>font13</font>
					<focusedcolor>black</focusedcolor>
				</control>
				<control type="radiobutton" id="302">
					<description>SHIFT button</description>
					<posx>0</posx>
					<posy>50</posy>
					<width>200</width>
					<height>50</height>
					<label>20178</label>
					<onleft>146</onleft>
					<onright>140</onright>
					<onup>300</onup>
					<ondown>303</ondown>
					<texturenofocus border="3">KeyboardKeyNF.png</texturenofocus>
					<texturefocus border="5">KeyboardKey.png</texturefocus>
					<radioposy>5</radioposy>
					<radiowidth>20</radiowidth>
					<radioheight>20</radioheight>
					<align>center</align>
					<aligny>center</aligny>
					<font>font13</font>
					<focusedcolor>black</focusedcolor>
				</control>
				<control type="button" id="140">
					<description>'A' button</description>
					<posx>200</posx>
					<posy>50</posy>
					<width>50</width>
					<height>50</height>
					<onleft>302</onleft>
					<onright>164</onright>
					<onup>109</onup>
					<ondown>147</ondown>
					<texturenofocus border="3">KeyboardKeyNF.png</texturenofocus>
					<texturefocus border="5">KeyboardKey.png</texturefocus>
					<align>center</align>
					<aligny>center</aligny>
					<font>font13</font>
					<focusedcolor>black</focusedcolor>
				</control>
				<control type="button" id="164">
					<description>'B' button</description>
					<posx>250</posx>
					<posy>50</posy>
					<width>50</width>
					<height>50</height>
					<onleft>140</onleft>
					<onright>162</onright>
					<onup>100</onup>
					<ondown>148</ondown>
					<texturenofocus border="3">KeyboardKeyNF.png</texturenofocus>
					<texturefocus border="5">KeyboardKey.png</texturefocus>
					<align>center</align>
					<aligny>center</aligny>
					<font>font13</font>
					<focusedcolor>black</focusedcolor>
				</control>
				<control type="button" id="162">
					<description>'C' button</description>
					<posx>300</posx>
					<posy>50</posy>
					<width>50</width>
					<height>50</height>
					<onleft>164</onleft>
					<onright>142</onright>
					<onup>101</onup>
					<ondown>166</ondown>
					<texturenofocus border="3">KeyboardKeyNF.png</texturenofocus>
					<texturefocus border="5">KeyboardKey.png</texturefocus>
					<align>center</align>
					<aligny>center</aligny>
					<font>font13</font>
					<focusedcolor>black</focusedcolor>
				</control>
				<control type="button" id="142">
					<description>'D' button</description>
					<posx>350</posx>
					<posy>50</posy>
					<width>50</width>
					<height>50</height>
					<onleft>162</onleft>
					<onright>122</onright>
					<onup>102</onup>
					<ondown>165</ondown>
					<texturenofocus border="3">KeyboardKeyNF.png</texturenofocus>
					<texturefocus border="5">KeyboardKey.png</texturefocus>
					<align>center</align>
					<aligny>center</aligny>
					<font>font13</font>
					<focusedcolor>black</focusedcolor>
				</control>
				<control type="button" id="122">
					<description>'E' button</description>
					<posx>400</posx>
					<posy>50</posy>
					<width>50</width>
					<height>50</height>
					<onleft>142</onleft>
					<onright>143</onright>
					<onup>103</onup>
					<ondown>128</ondown>
					<texturenofocus border="3">KeyboardKeyNF.png</texturenofocus>
					<texturefocus border="5">KeyboardKey.png</texturefocus>
					<align>center</align>
					<aligny>center</aligny>
					<font>font13</font>
					<focusedcolor>black</focusedcolor>
				</control>
				<control type="button" id="143">
					<description>'F' button</description>
					<posx>450</posx>
					<posy>50</posy>
					<width>50</width>
					<height>50</height>
					<onleft>122</onleft>
					<onright>144</onright>
					<onup>104</onup>
					<ondown>129</ondown>
					<texturenofocus border="3">KeyboardKeyNF.png</texturenofocus>
					<texturefocus border="5">KeyboardKey.png</texturefocus>
					<align>center</align>
					<aligny>center</aligny>
					<font>font13</font>
					<focusedcolor>black</focusedcolor>
				</control>
				<control type="button" id="144">
					<description>'G' button</description>
					<posx>500</posx>
					<posy>50</posy>
					<width>50</width>
					<height>50</height>
					<onleft>143</onleft>
					<onright>145</onright>
					<onup>105</onup>
					<ondown>120</ondown>
					<texturenofocus border="3">KeyboardKeyNF.png</texturenofocus>
					<texturefocus border="5">KeyboardKey.png</texturefocus>
					<align>center</align>
					<aligny>center</aligny>
					<font>font13</font>
					<focusedcolor>black</focusedcolor>
				</control>
				<control type="button" id="145">
					<description>'H' button</description>
					<posx>550</posx>
					<posy>50</posy>
					<width>50</width>
					<height>50</height>
					<onleft>144</onleft>
					<onright>127</onright>
					<onup>106</onup>
					<ondown>123</ondown>
					<texturenofocus border="3">KeyboardKeyNF.png</texturenofocus>
					<texturefocus border="5">KeyboardKey.png</texturefocus>
					<align>center</align>
					<aligny>center</aligny>
					<font>font13</font>
					<focusedcolor>black</focusedcolor>
				</control>
				<control type="button" id="127">
					<description>'I' button</description>
					<posx>600</posx>
					<posy>50</posy>
					<width>50</width>
					<height>50</height>
					<onleft>145</onleft>
					<onright>146</onright>
					<onup>107</onup>
					<ondown>141</ondown>
					<texturenofocus border="3">KeyboardKeyNF.png</texturenofocus>
					<texturefocus border="5">KeyboardKey.png</texturefocus>
					<align>center</align>
					<aligny>center</aligny>
					<font>font13</font>
					<focusedcolor>black</focusedcolor>
				</control>
				<control type="button" id="146">
					<description>'J' button</description>
					<posx>650</posx>
					<posy>50</posy>
					<width>50</width>
					<height>50</height>
					<onleft>127</onleft>
					<onright>302</onright>
					<onup>108</onup>
					<ondown>124</ondown>
					<texturenofocus border="3">KeyboardKeyNF.png</texturenofocus>
					<texturefocus border="5">KeyboardKey.png</texturefocus>
					<align>center</align>
					<aligny>center</aligny>
					<font>font13</font>
					<focusedcolor>black</focusedcolor>
				</control>
				<control type="radiobutton" id="303">
					<description>CAPS LOCK button</description>
					<posx>0</posx>
					<posy>100</posy>
					<width>200</width>
					<height>50</height>
					<label>20179</label>
					<onleft>124</onleft>
					<onright>147</onright>
					<onup>302</onup>
					<ondown>304</ondown>
					<texturenofocus border="3">KeyboardKeyNF.png</texturenofocus>
					<texturefocus border="5">KeyboardKey.png</texturefocus>
					<radioposy>5</radioposy>
					<radiowidth>20</radiowidth>
					<radioheight>20</radioheight>
					<align>center</align>
					<aligny>center</aligny>
					<font>font13</font>
					<focusedcolor>black</focusedcolor>
				</control>
				<control type="button" id="147">
					<description>'K' button</description>
					<posx>200</posx>
					<posy>100</posy>
					<width>50</width>
					<height>50</height>
					<onleft>303</onleft>
					<onright>148</onright>
					<onup>140</onup>
					<ondown>126</ondown>
					<texturenofocus border="3">KeyboardKeyNF.png</texturenofocus>
					<texturefocus border="5">KeyboardKey.png</texturefocus>
					<align>center</align>
					<aligny>center</aligny>
					<font>font13</font>
					<focusedcolor>black</focusedcolor>
				</control>
				<control type="button" id="148">
					<description>'L' button</description>
					<posx>250</posx>
					<posy>100</posy>
					<width>50</width>
					<height>50</height>
					<onleft>147</onleft>
					<onright>166</onright>
					<onup>164</onup>
					<ondown>163</ondown>
					<texturenofocus border="3">KeyboardKeyNF.png</texturenofocus>
					<texturefocus border="5">KeyboardKey.png</texturefocus>
					<align>center</align>
					<aligny>center</aligny>
					<font>font13</font>
					<focusedcolor>black</focusedcolor>
				</control>
				<control type="button" id="166">
					<description>'M' button</description>
					<posx>300</posx>
					<posy>100</posy>
					<width>50</width>
					<height>50</height>
					<onleft>148</onleft>
					<onright>165</onright>
					<onup>162</onup>
					<ondown>121</ondown>
					<texturenofocus border="3">KeyboardKeyNF.png</texturenofocus>
					<texturefocus border="5">KeyboardKey.png</texturefocus>
					<align>center</align>
					<aligny>center</aligny>
					<font>font13</font>
					<focusedcolor>black</focusedcolor>
				</control>
				<control type="button" id="165">
					<description>'N' button</description>
					<posx>350</posx>
					<posy>100</posy>
					<width>50</width>
					<height>50</height>
					<onleft>166</onleft>
					<onright>128</onright>
					<onup>142</onup>
					<ondown>161</ondown>
					<texturenofocus border="3">KeyboardKeyNF.png</texturenofocus>
					<texturefocus border="5">KeyboardKey.png</texturefocus>
					<align>center</align>
					<aligny>center</aligny>
					<font>font13</font>
					<focusedcolor>black</focusedcolor>
				</control>
				<control type="button" id="128">
					<description>'O' button</description>
					<posx>400</posx>
					<posy>100</posy>
					<width>50</width>
					<height>50</height>
					<onleft>165</onleft>
					<onright>129</onright>
					<onup>122</onup>
					<ondown>125</ondown>
					<texturenofocus border="3">KeyboardKeyNF.png</texturenofocus>
					<texturefocus border="5">KeyboardKey.png</texturefocus>
					<align>center</align>
					<aligny>center</aligny>
					<font>font13</font>
					<focusedcolor>black</focusedcolor>
				</control>
				<control type="button" id="129">
					<description>'P' button</description>
					<posx>450</posx>
					<posy>100</posy>
					<width>50</width>
					<height>50</height>
					<onleft>128</onleft>
					<onright>120</onright>
					<onup>143</onup>
					<ondown>160</ondown>
					<texturenofocus border="3">KeyboardKeyNF.png</texturenofocus>
					<texturefocus border="5">KeyboardKey.png</texturefocus>
					<align>center</align>
					<aligny>center</aligny>
					<font>font13</font>
					<focusedcolor>black</focusedcolor>
				</control>
				<control type="button" id="120">
					<description>'Q' button</description>
					<posx>500</posx>
					<posy>100</posy>
					<width>50</width>
					<height>50</height>
					<onleft>129</onleft>
					<onright>123</onright>
					<onup>144</onup>
					<ondown>8</ondown>
					<texturenofocus border="3">KeyboardKeyNF.png</texturenofocus>
					<texturefocus border="5">KeyboardKey.png</texturefocus>
					<align>center</align>
					<aligny>center</aligny>
					<font>font13</font>
					<focusedcolor>black</focusedcolor>
				</control>
				<control type="button" id="123">
					<description>'R' button</description>
					<posx>550</posx>
					<posy>100</posy>
					<width>50</width>
					<height>50</height>
					<onleft>120</onleft>
					<onright>141</onright>
					<onup>145</onup>
					<ondown>8</ondown>
					<texturenofocus border="3">KeyboardKeyNF.png</texturenofocus>
					<texturefocus border="5">KeyboardKey.png</texturefocus>
					<align>center</align>
					<aligny>center</aligny>
					<font>font13</font>
					<focusedcolor>black</focusedcolor>
				</control>
				<control type="button" id="141">
					<description>'S' button</description>
					<posx>600</posx>
					<posy>100</posy>
					<width>50</width>
					<height>50</height>
					<onleft>123</onleft>
					<onright>124</onright>
					<onup>127</onup>
					<ondown>8</ondown>
					<texturenofocus border="3">KeyboardKeyNF.png</texturenofocus>
					<texturefocus border="5">KeyboardKey.png</texturefocus>
					<align>center</align>
					<aligny>center</aligny>
					<font>font13</font>
					<focusedcolor>black</focusedcolor>
				</control>
				<control type="button" id="124">
					<description>'T' button</description>
					<posx>650</posx>
					<posy>100</posy>
					<width>50</width>
					<height>50</height>
					<onleft>141</onleft>
					<onright>303</onright>
					<onup>146</onup>
					<ondown>8</ondown>
					<texturenofocus border="3">KeyboardKeyNF.png</texturenofocus>
					<texturefocus border="5">KeyboardKey.png</texturefocus>
					<align>center</align>
					<aligny>center</aligny>
					<font>font13</font>
					<focusedcolor>black</focusedcolor>
				</control>
				<control type="radiobutton" id="304">
					<description>Symbols button</description>
					<posx>0</posx>
					<posy>150</posy>
					<width>200</width>
					<height>50</height>
					<label>20180</label>
					<onleft>8</onleft>
					<onright>126</onright>
					<onup>303</onup>
					<ondown>307</ondown>
					<texturenofocus border="3">KeyboardKeyNF.png</texturenofocus>
					<texturefocus border="5">KeyboardKey.png</texturefocus>
					<radioposy>5</radioposy>
					<radiowidth>20</radiowidth>
					<radioheight>20</radioheight>
					<align>center</align>
					<aligny>center</aligny>
					<font>font13</font>
					<focusedcolor>black</focusedcolor>
				</control>
				<control type="button" id="126">
					<description>'U' button</description>
					<posx>200</posx>
					<posy>150</posy>
					<width>50</width>
					<height>50</height>
					<onleft>304</onleft>
					<onright>163</onright>
					<onup>147</onup>
					<ondown>32</ondown>
					<texturenofocus border="3">KeyboardKeyNF.png</texturenofocus>
					<texturefocus border="5">KeyboardKey.png</texturefocus>
					<align>center</align>
					<aligny>center</aligny>
					<font>font13</font>
					<focusedcolor>black</focusedcolor>
				</control>
				<control type="button" id="163">
					<description>'V' button</description>
					<posx>250</posx>
					<posy>150</posy>
					<width>50</width>
					<height>50</height>
					<onleft>126</onleft>
					<onright>121</onright>
					<onup>148</onup>
					<ondown>32</ondown>
					<texturenofocus border="3">KeyboardKeyNF.png</texturenofocus>
					<texturefocus border="5">KeyboardKey.png</texturefocus>
					<align>center</align>
					<aligny>center</aligny>
					<font>font13</font>
					<focusedcolor>black</focusedcolor>
				</control>
				<control type="button" id="121">
					<description>'W' button</description>
					<posx>300</posx>
					<posy>150</posy>
					<width>50</width>
					<height>50</height>
					<onleft>163</onleft>
					<onright>161</onright>
					<onup>166</onup>
					<ondown>32</ondown>
					<texturenofocus border="3">KeyboardKeyNF.png</texturenofocus>
					<texturefocus border="5">KeyboardKey.png</texturefocus>
					<align>center</align>
					<aligny>center</aligny>
					<font>font13</font>
					<focusedcolor>black</focusedcolor>
				</control>
				<control type="button" id="161">
					<description>'X' button</description>
					<posx>350</posx>
					<posy>150</posy>
					<width>50</width>
					<height>50</height>
					<onleft>121</onleft>
					<onright>125</onright>
					<onup>165</onup>
					<ondown>32</ondown>
					<texturenofocus border="3">KeyboardKeyNF.png</texturenofocus>
					<texturefocus border="5">KeyboardKey.png</texturefocus>
					<align>center</align>
					<aligny>center</aligny>
					<font>font13</font>
					<focusedcolor>black</focusedcolor>
				</control>
				<control type="button" id="125">
					<description>'Y' button</description>
					<posx>400</posx>
					<posy>150</posy>
					<width>50</width>
					<height>50</height>
					<onleft>161</onleft>
					<onright>160</onright>
					<onup>128</onup>
					<ondown>32</ondown>
					<texturenofocus border="3">KeyboardKeyNF.png</texturenofocus>
					<texturefocus border="5">KeyboardKey.png</texturefocus>
					<align>center</align>
					<aligny>center</aligny>
					<font>font13</font>
					<focusedcolor>black</focusedcolor>
				</control>
				<control type="button" id="160">
					<description>'Z' button</description>
					<posx>450</posx>
					<posy>150</posy>
					<width>50</width>
					<height>50</height>
					<onleft>125</onleft>
					<onright>8</onright>
					<onup>129</onup>
					<ondown>32</ondown>
					<texturenofocus border="3">KeyboardKeyNF.png</texturenofocus>
					<texturefocus border="5">KeyboardKey.png</texturefocus>
					<align>center</align>
					<aligny>center</aligny>
					<font>font13</font>
					<focusedcolor>black</focusedcolor>
				</control>
				<control type="button" id="8">
					<description>BACKSPACE button</description>
					<posx>500</posx>
					<posy>150</posy>
					<width>200</width>
					<height>50</height>
					<label>20181</label>
					<onleft>160</onleft>
					<onright>304</onright>
					<onup>120</onup>
					<ondown>305</ondown>
					<texturenofocus border="3">KeyboardKeyNF.png</texturenofocus>
					<texturefocus border="5">KeyboardKey.png</texturefocus>
					<align>center</align>
					<aligny>center</aligny>
					<font>font13</font>
					<focusedcolor>black</focusedcolor>
				</control>
				<control type="button" id="307">
					<description>IP Input button</description>
					<posx>0</posx>
					<posy>200</posy>
					<width>200</width>
					<height>50</height>
					<texturenofocus border="25,5,25,5">KeyboardCornerBottomNF.png</texturenofocus>
					<texturefocus border="25,5,25,5">KeyboardCornerBottom.png</texturefocus>
					<label>1006</label>
					<font>font13</font>
					<align>center</align>
					<aligny>center</aligny>
					<onleft>306</onleft>
					<onright>32</onright>
					<onup>304</onup>
					<ondown>300</ondown>
					<focusedcolor>black</focusedcolor>
				</control>
				<control type="button" id="32">
					<description>SPACE button</description>
					<posx>200</posx>
					<posy>200</posy>
					<width>300</width>
					<height>50</height>
					<label>20182</label>
					<texturenofocus border="3">KeyboardKeyNF.png</texturenofocus>
					<texturefocus border="5">KeyboardKey.png</texturefocus>
					<align>center</align>
					<aligny>center</aligny>
					<font>font13</font>
					<focusedcolor>black</focusedcolor>
					<onleft>307</onleft>
					<onright>305</onright>
					<onup>126</onup>
					<ondown>109</ondown>
				</control>
				<control type="button" id="305">
					<description>previous button</description>
					<posx>500</posx>
					<posy>200</posy>
					<width>100</width>
					<height>50</height>
					<label>&lt;</label>
					<align>center</align>
					<aligny>center</aligny>
					<texturenofocus border="3">KeyboardKeyNF.png</texturenofocus>
					<texturefocus border="5">KeyboardKey.png</texturefocus>
					<font>font30</font>
					<focusedcolor>black</focusedcolor>
					<onleft>32</onleft>
					<onright>306</onright>
					<onup>8</onup>
					<ondown>105</ondown>
				</control>
				<control type="button" id="306">
					<description>next button</description>
					<posx>600</posx>
					<posy>200</posy>
					<width>100</width>
					<height>50</height>
					<label>&gt;</label>
					<align>center</align>
					<aligny>center</aligny>
					<texturenofocus flipx="true" border="5,5,25,25">KeyboardCornerBottomNF.png</texturenofocus>
					<texturefocus flipx="true" border="5,5,25,25">KeyboardCornerBottom.png</texturefocus>
					<font>font30</font>
					<focusedcolor>black</focusedcolor>
					<onleft>305</onleft>
					<onright>307</onright>
					<onup>8</onup>
					<ondown>107</ondown>
				</control>
			</control>
		</control>
	</controls>
</window>
